Question;Categorie
Quand doit on rendre le dépôt de garantie;1
Quand me restituera-t-on le dépôt de garantie;1
dépôt de garantie propriétaire restitution délai;1
quel délai pour me rendre la caution;1
combien de temps pour récupérer ma caution;1
Mon propriétaire doit il me rendre mon dépôt de garantie;1
Mon propriétaire nie devoir me rendre mon dépôt de garantie;1
Mon propriétaire ne veut pas me rembourser ma caution depuis deux mois;1
Mon locataire veut son dépôt de garantie rapidement;1
litige sur les délais pour rendre la caution;1
réduire les délais de préavis;1
Quand restituer le dépôt de garantie;1
délai légal pour rembourser la caution;1
Comment résilier mon contrat de location;0 
Quels sont les motifs pour terminer un contrat;0
Peut-on mettre fin au bail locatif ?;0
motif de fin de contrait ?;0
quels sont les clauses de résiliation des baux;0
clause de fin de bail;0
Le propriétaire peut-il mettre fin à mon bail;0
Sur quels motifs peut-on résilier un contrat de location;0
mon locataire veut terminer son bail;0
Pour quelles raisons peut-on résilier un bail;0
propriétaire résolution bail;0
résolution baux plein droit;0
motif de fin de contrat locatif;0
clause de fin de location;0
quelles sont les conditions de fin de bail;0
Est ce une condition de fin de contrat;0
Comment démissionner;2
Je veux un contrat de travail;2
Comment rompre de CDI;2
rupture du contrat de travail;2
Je veux rompre mon contrait de travail;2
Est ce un licenciement abusif;2
Dois-je aller aux prud’hommes;2
Je me suis fait virer;2
Comment donner sa lettre de démission;2